model,label,group,bin,n,mean_predicted,observed_rate,weighted_n
demographic_logistic,diagnosed,Non-Hispanic White,1,480,0.018037642055436474,0.01373093538354537,31175877.958324693
demographic_logistic,diagnosed,Non-Hispanic White,2,329,0.04057507493794574,0.02975957259065535,31019737.177940972
demographic_logistic,diagnosed,Non-Hispanic White,3,295,0.086118561391789,0.10599347446444311,31077088.787363306
demographic_logistic,diagnosed,Non-Hispanic White,4,327,0.16187928149501396,0.1383710285900207,31213593.514153317
demographic_logistic,diagnosed,Non-Hispanic White,5,591,0.3011254358501145,0.2653048919295616,31113329.069076635
demographic_logistic,diagnosed,Non-Hispanic Black,1,265,0.01574832720783168,0.008396787696269184,5600797.601720616
demographic_logistic,diagnosed,Non-Hispanic Black,2,190,0.028995531221334303,0.014234290292587676,5587083.334947672
demographic_logistic,diagnosed,Non-Hispanic Black,3,203,0.05575525772246139,0.058166711202958035,5601435.320722183
demographic_logistic,diagnosed,Non-Hispanic Black,4,254,0.11245805839035163,0.1868473681801274,5614859.793583439
demographic_logistic,diagnosed,Non-Hispanic Black,5,400,0.24612245019568998,0.2595490238965607,5588701.504322719
demographic_logistic,diagnosed,Mexican American,1,172,0.014206252996613397,0.012002652663640319,5007751.0322423475
demographic_logistic,diagnosed,Mexican American,2,142,0.02460500850535248,0.01904062486447044,5018913.498018424
demographic_logistic,diagnosed,Mexican American,3,125,0.043781734406988584,0.07347015488656966,5007664.04711905
demographic_logistic,diagnosed,Mexican American,4,145,0.07921235332875454,0.09345232772847525,4999747.693886921
demographic_logistic,diagnosed,Mexican American,5,272,0.19537116534275048,0.29343013611133595,4997624.344685028
demographic_logistic,diagnosed,Other Hispanic,1,104,0.015401920906231104,0.0,3606045.58966278
demographic_logistic,diagnosed,Other Hispanic,2,75,0.0301599830176799,0.005004941888454063,3680400.35554069
demographic_logistic,diagnosed,Other Hispanic,3,78,0.05271977390567596,0.0707815985193843,3598616.208475657
demographic_logistic,diagnosed,Other Hispanic,4,107,0.1029238514990975,0.061355776166670706,3619272.9354944383
demographic_logistic,diagnosed,Other Hispanic,5,182,0.22349586264985014,0.25108120265312195,3618790.5808691485
demographic_logistic,diagnosed,Non-Hispanic Asian,1,177,0.01690635189114389,0.0,2791520.348023209
demographic_logistic,diagnosed,Non-Hispanic Asian,2,117,0.03176945190415242,0.012294594416051732,2831347.8578946115
demographic_logistic,diagnosed,Non-Hispanic Asian,3,142,0.059297270477732346,0.06860659224735166,2820697.321190172
demographic_logistic,diagnosed,Non-Hispanic Asian,4,171,0.11166842925119659,0.16776276375585358,2798386.7499348726
demographic_logistic,diagnosed,Non-Hispanic Asian,5,189,0.24864566883202843,0.33507803811697684,2814339.6850516386
demographic_logistic,diagnosed,Other/Multiracial,1,95,0.015349074397825823,0.0,2532923.7942904006
demographic_logistic,diagnosed,Other/Multiracial,2,60,0.03129050129389075,0.009390477577592761,2572201.9281100673
demographic_logistic,diagnosed,Other/Multiracial,3,57,0.059986953294347174,0.04544195555033984,2544778.7931761793
demographic_logistic,diagnosed,Other/Multiracial,4,54,0.11553772765033156,0.1845922109371537,2528891.64741429
demographic_logistic,diagnosed,Other/Multiracial,5,75,0.23103492836607248,0.3828680630511974,2575386.125378229
demographic_logistic,diagnosed,All groups,1,771,0.013346591516825344,0.004231625117164997,25317697.501802467
demographic_logistic,diagnosed,All groups,2,605,0.019996203014643964,0.015595337157569614,25391914.104757726
demographic_logistic,diagnosed,All groups,3,491,0.028785371241389794,0.02501893877147358,25346895.996527158
demographic_logistic,diagnosed,All groups,4,466,0.040556576193907574,0.019031888198409487,25389381.664440878
demographic_logistic,diagnosed,All groups,5,479,0.057689860966845405,0.07157092339440829,25232743.948348604
demographic_logistic,diagnosed,All groups,6,507,0.08327415557347802,0.10452355848796151,25456378.8566726
demographic_logistic,diagnosed,All groups,7,516,0.11619642817672467,0.1228535695479936,25466847.268839333
demographic_logistic,diagnosed,All groups,8,590,0.15829812561059906,0.1639814258021692,25259220.34625636
demographic_logistic,diagnosed,All groups,9,656,0.22224310554788382,0.2748269033974995,25412235.914754935
demographic_logistic,diagnosed,All groups,10,792,0.33627245942264156,0.2738207383476933,25284488.996213645
demographic_logistic,hba1c_pos,Non-Hispanic White,1,476,0.018048669667672452,0.016102641773252557,31050016.410582263
demographic_logistic,hba1c_pos,Non-Hispanic White,2,335,0.03740862853700601,0.01895272194932044,31147607.144339945
demographic_logistic,hba1c_pos,Non-Hispanic White,3,296,0.07405848781572524,0.08256140871598713,31239462.444699407
demographic_logistic,hba1c_pos,Non-Hispanic White,4,326,0.13161192464592408,0.1141163583472063,30980286.062020876
demographic_logistic,hba1c_pos,Non-Hispanic White,5,589,0.23724226830242198,0.17911130640967726,31182254.445216432
demographic_logistic,hba1c_pos,Non-Hispanic Black,1,265,0.016047339770151835,0.010302935436699691,5602216.331584927
demographic_logistic,hba1c_pos,Non-Hispanic Black,2,189,0.027999595087735186,0.03214828581806961,5590069.059762843
demographic_logistic,hba1c_pos,Non-Hispanic Black,3,203,0.0501198553160058,0.08055406017555426,5592916.45496129
demographic_logistic,hba1c_pos,Non-Hispanic Black,4,253,0.09476310992458412,0.2122545361766086,5600819.294611873
demographic_logistic,hba1c_pos,Non-Hispanic Black,5,402,0.19658041453434372,0.23875591770177398,5606856.414375695
demographic_logistic,hba1c_pos,Mexican American,1,172,0.014077910888185365,0.006733197507606219,4995853.690653609
demographic_logistic,hba1c_pos,Mexican American,2,143,0.023111183876646832,0.007142433130552803,5016609.164157164
demographic_logistic,hba1c_pos,Mexican American,3,123,0.03883222195777018,0.08379687460563319,4991965.793989133
demographic_logistic,hba1c_pos,Mexican American,4,143,0.06707029908770873,0.10473864659091785,5025833.715358613
demographic_logistic,hba1c_pos,Mexican American,5,275,0.15457647070843178,0.23298693590950478,5001438.251793254
demographic_logistic,hba1c_pos,Other Hispanic,1,103,0.01571000751498808,0.0,3611470.6787341353
demographic_logistic,hba1c_pos,Other Hispanic,2,75,0.028545359310461874,0.014188316008625084,3647202.1379480697
demographic_logistic,hba1c_pos,Other Hispanic,3,78,0.0467436430199366,0.0262333052426545,3612055.5664044707
demographic_logistic,hba1c_pos,Other Hispanic,4,108,0.08696592820531009,0.1064610505305933,3657612.6337808007
demographic_logistic,hba1c_pos,Other Hispanic,5,182,0.17895087495811568,0.25725117896544153,3594784.6531752376
demographic_logistic,hba1c_pos,Non-Hispanic Asian,1,177,0.016980415868435468,0.0,2817205.1880990095
demographic_logistic,hba1c_pos,Non-Hispanic Asian,2,118,0.029916161111154728,0.020026164650105222,2804454.9051876934
demographic_logistic,hba1c_pos,Non-Hispanic Asian,3,142,0.052267003863032596,0.031588169332358834,2817366.3418760044
demographic_logistic,hba1c_pos,Non-Hispanic Asian,4,170,0.0930231271781975,0.2013635096157597,2798219.4316408
demographic_logistic,hba1c_pos,Non-Hispanic Asian,5,189,0.19717474055331097,0.32310873251178074,2819046.095290994
demographic_logistic,hba1c_pos,Other/Multiracial,1,94,0.015442595107551594,0.0,2553478.5265179193
demographic_logistic,hba1c_pos,Other/Multiracial,2,61,0.02906373499576801,0.02555160479196483,2512696.840463133
demographic_logistic,hba1c_pos,Other/Multiracial,3,57,0.05145496029576212,0.026010855395323756,2573348.3563951026
demographic_logistic,hba1c_pos,Other/Multiracial,4,55,0.09534588179720876,0.11596504723540749,2564664.450302691
demographic_logistic,hba1c_pos,Other/Multiracial,5,74,0.18385129750610438,0.3084914391511338,2549994.114690321
demographic_logistic,hba1c_pos,All groups,1,781,0.013716540838532054,0.007321243826990139,25365982.351224266
demographic_logistic,hba1c_pos,All groups,2,595,0.01982012861548062,0.014704244457340298,25336963.777325176
demographic_logistic,hba1c_pos,All groups,3,492,0.02737564742248698,0.025544907865368064,25339722.343976993
demographic_logistic,hba1c_pos,All groups,4,476,0.037216130860630456,0.02003657970835977,25389738.79846122
demographic_logistic,hba1c_pos,All groups,5,465,0.05144676871400117,0.041958500708467836,25344711.09173912
demographic_logistic,hba1c_pos,All groups,6,524,0.07153509944573747,0.09008375633150434,25359493.25188551
demographic_logistic,hba1c_pos,All groups,7,527,0.09679786460472024,0.14134562051647626,25347597.680712394
demographic_logistic,hba1c_pos,All groups,8,573,0.1285703044010184,0.134187005823877,25336125.226666395
demographic_logistic,hba1c_pos,All groups,9,647,0.1763724983888936,0.20877140849233877,25394858.559511617
demographic_logistic,hba1c_pos,All groups,10,793,0.26484861471883564,0.2025715020209073,25342611.517111003
demographic_race_logistic,diagnosed,Non-Hispanic White,1,477,0.014575919547166246,0.012761247687061184,31125203.83861702
demographic_race_logistic,diagnosed,Non-Hispanic White,2,330,0.033989006987157185,0.0307055582161158,31069672.91887453
demographic_race_logistic,diagnosed,Non-Hispanic White,3,304,0.07565553607432292,0.10743070801127066,31203561.277987704
demographic_race_logistic,diagnosed,Non-Hispanic White,4,321,0.14703410870154915,0.1408225715691586,31145317.673873134
demographic_race_logistic,diagnosed,Non-Hispanic White,5,590,0.28427252749270504,0.2617656322974307,31055870.797506537
demographic_race_logistic,diagnosed,Non-Hispanic Black,1,268,0.016674086095694797,0.0084036552196416,5596220.592380196
demographic_race_logistic,diagnosed,Non-Hispanic Black,2,187,0.031488909169228384,0.014174841481856082,5610515.375450283
demographic_race_logistic,diagnosed,Non-Hispanic Black,3,203,0.06221999829987625,0.06882959004428543,5583848.487262223
demographic_race_logistic,diagnosed,Non-Hispanic Black,4,253,0.12864089753832422,0.1767785978660644,5603646.908981823
demographic_race_logistic,diagnosed,Non-Hispanic Black,5,401,0.2812995719305088,0.2590879956962542,5598646.191222102
demographic_race_logistic,diagnosed,Mexican American,1,172,0.019377657811738412,0.011977117326817012,5018427.608737867
demographic_race_logistic,diagnosed,Mexican American,2,141,0.03381889739201943,0.019124510879457157,4996898.992363064
demographic_race_logistic,diagnosed,Mexican American,3,124,0.061331679260348326,0.08015085760261784,4979708.194469972
demographic_race_logistic,diagnosed,Mexican American,4,146,0.11262232741512739,0.09596355703870085,5022593.957824056
demographic_race_logistic,diagnosed,Mexican American,5,273,0.26682975529651665,0.2833010135656538,5014071.862556814
demographic_race_logistic,diagnosed,Other Hispanic,1,102,0.012961518087947831,0.0,3617652.7787970244
demographic_race_logistic,diagnosed,Other Hispanic,2,75,0.026161489683430364,0.0050914764708347385,3617848.3807678022
demographic_race_logistic,diagnosed,Other Hispanic,3,81,0.04701728116716949,0.08327828907462873,3636226.9555533114
demographic_race_logistic,diagnosed,Other Hispanic,4,106,0.09417622957704938,0.06347132424466634,3616496.443362416
demographic_race_logistic,diagnosed,Other Hispanic,5,182,0.21359253972367023,0.23467676145552913,3634901.111562158
demographic_race_logistic,diagnosed,Non-Hispanic Asian,1,176,0.020424651145131995,0.0,2798990.4318715115
demographic_race_logistic,diagnosed,Non-Hispanic Asian,2,118,0.039312047336972675,0.012354928611603313,2817521.2223305395
demographic_race_logistic,diagnosed,Non-Hispanic Asian,3,141,0.07438443458500854,0.06594581056266116,2809165.9840575717
demographic_race_logistic,diagnosed,Non-Hispanic Asian,4,173,0.14222974831001597,0.17773541560145106,2822501.8079776005
demographic_race_logistic,diagnosed,Non-Hispanic Asian,5,188,0.3111691139229208,0.32730016392370725,2808112.5158572793
demographic_race_logistic,diagnosed,Other/Multiracial,1,96,0.02120706131409119,0.0,2567896.292807336
demographic_race_logistic,diagnosed,Other/Multiracial,2,63,0.04378132690409104,0.02015169775794759,2544418.713678892
demographic_race_logistic,diagnosed,Other/Multiracial,3,53,0.08533396370194239,0.04833611405411776,2536385.1318944357
demographic_race_logistic,diagnosed,Other/Multiracial,4,48,0.1650170026327623,0.16874177513240302,2564476.233018987
demographic_race_logistic,diagnosed,Other/Multiracial,5,81,0.3087283024140374,0.38804832796629796,2541005.916969517
demographic_race_logistic,diagnosed,All groups,1,630,0.012052256793337695,0.011501558768607218,25352032.55906439
demographic_race_logistic,diagnosed,All groups,2,592,0.01923444201314887,0.008395456736303404,25340318.514251836
demographic_race_logistic,diagnosed,All groups,3,522,0.027665324553982375,0.02368816961293631,25323017.5046003
demographic_race_logistic,diagnosed,All groups,4,485,0.039534038914650745,0.027056204253679546,25396916.063070342
demographic_race_logistic,diagnosed,All groups,5,462,0.05743693202713701,0.06445094001057387,25354707.32132812
demographic_race_logistic,diagnosed,All groups,6,492,0.08299790856152318,0.11691415873424346,25381423.278131954
demographic_race_logistic,diagnosed,All groups,7,507,0.11643177639280591,0.11901292159414611,25333896.47754152
demographic_race_logistic,diagnosed,All groups,8,566,0.15949908352305334,0.15983133458204982,25370214.016658336
demographic_race_logistic,diagnosed,All groups,9,686,0.22199631104654924,0.24524924759698152,25351292.17772436
demographic_race_logistic,diagnosed,All groups,10,931,0.34130976511929756,0.2991646657104583,25353986.686242543
demographic_race_logistic,hba1c_pos,Non-Hispanic White,1,470,0.012441577058252535,0.016073918458457383,31105501.288029008
demographic_race_logistic,hba1c_pos,Non-Hispanic White,2,343,0.027402934196100886,0.01894285679741812,31163828.34471953
demographic_race_logistic,hba1c_pos,Non-Hispanic White,3,294,0.05791206818682018,0.08303472361259129,31061391.12352576
demographic_race_logistic,hba1c_pos,Non-Hispanic White,4,326,0.10826110487909478,0.11325696517183702,31215364.287649594
demographic_race_logistic,hba1c_pos,Non-Hispanic White,5,589,0.20913539411046242,0.17985370000867543,31053541.46293503
demographic_race_logistic,hba1c_pos,Non-Hispanic Black,1,266,0.021909666005617435,0.010288619251140668,5610011.582491493
demographic_race_logistic,hba1c_pos,Non-Hispanic Black,2,188,0.039550054900034305,0.03217170081805624,5586000.531720145
demographic_race_logistic,hba1c_pos,Non-Hispanic Black,3,204,0.07337027779322056,0.08049684734736812,5596891.599066205
demographic_race_logistic,hba1c_pos,Non-Hispanic Black,4,250,0.14232142905035883,0.21849083419176318,5607450.670826188
demographic_race_logistic,hba1c_pos,Non-Hispanic Black,5,404,0.28888398755425077,0.23286320603433514,5592523.171192596
demographic_race_logistic,hba1c_pos,Mexican American,1,173,0.019022576565933865,0.006719223062059404,5006243.922487718
demographic_race_logistic,hba1c_pos,Mexican American,2,141,0.031977171249740845,0.007149522373038448,5011634.851613639
demographic_race_logistic,hba1c_pos,Mexican American,3,123,0.055727335015378146,0.08337531029773194,5017206.295013895
demographic_race_logistic,hba1c_pos,Mexican American,4,145,0.10027193302340912,0.11453084060913056,4997439.722213294
demographic_race_logistic,hba1c_pos,Mexican American,5,274,0.2317528615518307,0.2238984708183127,4999175.824623225
demographic_race_logistic,hba1c_pos,Other Hispanic,1,103,0.01578510925052209,0.0,3634442.3472010274
demographic_race_logistic,hba1c_pos,Other Hispanic,2,75,0.029887518566233295,0.01442753060128532,3586729.9755323436
demographic_race_logistic,hba1c_pos,Other Hispanic,3,80,0.05159563208781652,0.025810524701319615,3671221.6168961944
demographic_race_logistic,hba1c_pos,Other Hispanic,4,107,0.09927936262211583,0.121199838674629,3605231.398768614
demographic_race_logistic,hba1c_pos,Other Hispanic,5,181,0.20901271349222716,0.2419534766030806,3625500.3316445346
demographic_race_logistic,hba1c_pos,Non-Hispanic Asian,1,176,0.023276570420618526,0.0,2828907.9028546885
demographic_race_logistic,hba1c_pos,Non-Hispanic Asian,2,118,0.042616995249681135,0.02012692136852609,2790415.615818387
demographic_race_logistic,hba1c_pos,Non-Hispanic Asian,3,141,0.07706926038989625,0.04432181496736216,2813612.417816834
demographic_race_logistic,hba1c_pos,Non-Hispanic Asian,4,173,0.14103686777128402,0.20227710765377033,2815551.4013759866
demographic_race_logistic,hba1c_pos,Non-Hispanic Asian,5,188,0.29422996743243657,0.30952550289926045,2807804.624228607
demographic_race_logistic,hba1c_pos,Other/Multiracial,1,91,0.01732266418121859,0.0,2546224.0486725406
demographic_race_logistic,hba1c_pos,Other/Multiracial,2,65,0.03462302040639895,0.02510140184171901,2557762.990066369
demographic_race_logistic,hba1c_pos,Other/Multiracial,3,56,0.06481434020099928,0.036520126556067366,2544091.7905042255
demographic_race_logistic,hba1c_pos,Other/Multiracial,4,51,0.12272188130557561,0.11285795446892652,2405110.682894557
demographic_race_logistic,hba1c_pos,Other/Multiracial,5,78,0.22515460837910337,0.29124526403410217,2700992.7762314747
demographic_race_logistic,hba1c_pos,All groups,1,495,0.011100310175146228,0.007106115434889309,25306302.68579285
demographic_race_logistic,hba1c_pos,All groups,2,592,0.01793088952396293,0.027238392763344582,25406397.2677588
demographic_race_logistic,hba1c_pos,All groups,3,539,0.025506795652640885,0.006907960108345057,25357342.148961168
demographic_race_logistic,hba1c_pos,All groups,4,506,0.03602583445051714,0.02481425434374046,25307419.914600424
demographic_race_logistic,hba1c_pos,All groups,5,470,0.05011769659282994,0.04460659034594483,25398539.023468874
demographic_race_logistic,hba1c_pos,All groups,6,430,0.06995833103944037,0.10258267279199666,25359737.959911745
demographic_race_logistic,hba1c_pos,All groups,7,476,0.0956482780898889,0.09267887563053276,25328854.150965713
demographic_race_logistic,hba1c_pos,All groups,8,554,0.1290702107911832,0.1531706891965888,25386037.140105143
demographic_race_logistic,hba1c_pos,All groups,9,688,0.17704101846678577,0.1879805687639382,25358161.052991975
demographic_race_logistic,hba1c_pos,All groups,10,1123,0.2777708201316973,0.23938017082620003,25349013.254057012
extended_logistic,diagnosed,Non-Hispanic White,1,427,0.006754397209767625,0.008991071247587822,31118501.26489815
extended_logistic,diagnosed,Non-Hispanic White,2,345,0.022745737724493807,0.02053234756546939,31165807.273479536
extended_logistic,diagnosed,Non-Hispanic White,3,336,0.06347454344392481,0.050773641597967406,31149771.15693527
extended_logistic,diagnosed,Non-Hispanic White,4,389,0.14371057694521414,0.13118773080869203,31054774.345575865
extended_logistic,diagnosed,Non-Hispanic White,5,525,0.36573536144671587,0.3421150541491337,31110772.4659701
extended_logistic,diagnosed,Non-Hispanic Black,1,243,0.00575980866802215,0.013323923891917075,5609367.031759558
extended_logistic,diagnosed,Non-Hispanic Black,2,203,0.016386109864334333,0.0,5562975.740909279
extended_logistic,diagnosed,Non-Hispanic Black,3,238,0.049200573843828865,0.02570590291094882,5629136.858122848
extended_logistic,diagnosed,Non-Hispanic Black,4,280,0.1261058215963151,0.1301614709351616,5571054.455148514
extended_logistic,diagnosed,Non-Hispanic Black,5,348,0.3436865826879391,0.3571775077382653,5620343.469356427
extended_logistic,diagnosed,Mexican American,1,158,0.0056962225361703546,0.012043118964180111,4990924.397970785
extended_logistic,diagnosed,Mexican American,2,151,0.013152331009246633,0.02456571890273434,5030396.1140446365
extended_logistic,diagnosed,Mexican American,3,150,0.03271727681244714,0.030867019525912896,5021653.910372725
extended_logistic,diagnosed,Mexican American,4,163,0.08005433569456902,0.12658073427913316,4972166.97314667
extended_logistic,diagnosed,Mexican American,5,234,0.2555909968571005,0.2968587344402535,5016559.220416955
extended_logistic,diagnosed,Other Hispanic,1,92,0.005302331724783802,0.0,3611971.3446162813
extended_logistic,diagnosed,Other Hispanic,2,88,0.013301178051659248,0.0050569642154794595,3642539.1046553757
extended_logistic,diagnosed,Other Hispanic,3,84,0.030299791840578523,0.032510485082895,3641915.4026704985
extended_logistic,diagnosed,Other Hispanic,4,116,0.07846158103635403,0.09338465746777598,3615267.7842502627
extended_logistic,diagnosed,Other Hispanic,5,166,0.2446199116273455,0.2573434610523032,3611432.0338502945
extended_logistic,diagnosed,Non-Hispanic Asian,1,154,0.004880508987470323,0.0,2806465.5625337753
extended_logistic,diagnosed,Non-Hispanic Asian,2,137,0.013225852823108297,0.018446094129937137,2818526.853707419
extended_logistic,diagnosed,Non-Hispanic Asian,3,157,0.031445143699009095,0.05359018735707757,2802838.8091118066
extended_logistic,diagnosed,Non-Hispanic Asian,4,165,0.07008681517083122,0.1328866805746399,2819937.578935962
extended_logistic,diagnosed,Non-Hispanic Asian,5,183,0.22846021614478626,0.3788074896971509,2808523.1578055397
extended_logistic,diagnosed,Other/Multiracial,1,84,0.00639906365268505,0.0,2560486.0520588583
extended_logistic,diagnosed,Other/Multiracial,2,77,0.019588414305838263,0.009413848671578597,2565816.1049351203
extended_logistic,diagnosed,Other/Multiracial,3,56,0.05625258342134846,0.025141156236749382,2525575.8525920836
extended_logistic,diagnosed,Other/Multiracial,4,42,0.11134973982053442,0.13230105026652997,2540093.4204594754
extended_logistic,diagnosed,Other/Multiracial,5,82,0.2813928843762818,0.45622068709024205,2562210.858323629
extended_logistic,diagnosed,All groups,1,617,0.004201646105295852,0.004222256522821368,25393655.345621496
extended_logistic,diagnosed,All groups,2,632,0.008145749860076594,0.011690479701599905,25317026.55072046
extended_logistic,diagnosed,All groups,3,557,0.01427509974426939,0.012754244706052926,25349920.954338763
extended_logistic,diagnosed,All groups,4,498,0.023707889330521238,0.02678613333987962,25499866.5155058
extended_logistic,diagnosed,All groups,5,509,0.038557586826877696,0.023630452632403112,25226607.791967064
extended_logistic,diagnosed,All groups,6,589,0.0644994154904787,0.05183357705873041,25409207.290647093
extended_logistic,diagnosed,All groups,7,502,0.09970192378493914,0.1237603245951545,25254510.837602086
extended_logistic,diagnosed,All groups,8,574,0.14822795260274851,0.14748009204821852,25361606.878500424
extended_logistic,diagnosed,All groups,9,689,0.2336594528051285,0.24436851849070199,25421064.693114042
extended_logistic,diagnosed,All groups,10,706,0.4398612173551542,0.42902093623976334,25324337.740596484
extended_logistic,hba1c_pos,Non-Hispanic White,1,435,0.007401304205144048,0.0057756465515159,31135822.892121844
extended_logistic,hba1c_pos,Non-Hispanic White,2,333,0.023487063447926206,0.010555464347640401,31090440.749793112
extended_logistic,hba1c_pos,Non-Hispanic White,3,330,0.056610966525217736,0.04563329512148735,31182500.13008877
extended_logistic,hba1c_pos,Non-Hispanic White,4,402,0.11718357643415807,0.1141128560034655,31026274.985707458
extended_logistic,hba1c_pos,Non-Hispanic White,5,522,0.28432160349289637,0.2348333449292297,31164587.749147743
extended_logistic,hba1c_pos,Non-Hispanic Black,1,249,0.006978626764952644,0.011081881360627632,5592492.450802779
extended_logistic,hba1c_pos,Non-Hispanic Black,2,203,0.0183477301927303,0.024953188043898757,5606391.359995969
extended_logistic,hba1c_pos,Non-Hispanic Black,3,231,0.04764652171549441,0.049155709747653535,5590283.542720851
extended_logistic,hba1c_pos,Non-Hispanic Black,4,283,0.1080153284067279,0.12320310625236983,5622402.307958096
extended_logistic,hba1c_pos,Non-Hispanic Black,5,346,0.2756718077473885,0.3665928432875025,5581307.893818934
extended_logistic,hba1c_pos,Mexican American,1,166,0.006795397698294821,0.01053547849574748,5010007.511524067
extended_logistic,hba1c_pos,Mexican American,2,142,0.01562508098585618,0.007161475173196794,5003270.224438481
extended_logistic,hba1c_pos,Mexican American,3,150,0.03459757243866074,0.039415090537870824,5014860.369418947
extended_logistic,hba1c_pos,Mexican American,4,165,0.07899177119878432,0.12893356507809495,4999246.842517774
extended_logistic,hba1c_pos,Mexican American,5,233,0.20578078795421093,0.2495052988003091,5004315.668052504
extended_logistic,hba1c_pos,Other Hispanic,1,93,0.006168491151774693,0.0,3624323.022259353
extended_logistic,hba1c_pos,Other Hispanic,2,86,0.015580418481339299,0.014184684485666732,3646238.7946052314
extended_logistic,hba1c_pos,Other Hispanic,3,85,0.032964173352148816,0.026493370218820946,3619614.5646319594
extended_logistic,hba1c_pos,Other Hispanic,4,118,0.07281054553280603,0.09013630972653651,3596663.231752521
extended_logistic,hba1c_pos,Other Hispanic,5,164,0.19722044951967485,0.27194043159285436,3636286.0567936487
extended_logistic,hba1c_pos,Non-Hispanic Asian,1,161,0.005660630710890269,0.0,2813389.726524695
extended_logistic,hba1c_pos,Non-Hispanic Asian,2,135,0.013606747146474966,0.008349629844655145,2808008.177620789
extended_logistic,hba1c_pos,Non-Hispanic Asian,3,151,0.03017577034319884,0.04275662454503782,2812617.422978501
extended_logistic,hba1c_pos,Non-Hispanic Asian,4,167,0.060958034344837084,0.17797201662924111,2819743.5337386355
extended_logistic,hba1c_pos,Non-Hispanic Asian,5,182,0.17738387507664988,0.34752000517091647,2802533.1012318814
extended_logistic,hba1c_pos,Other/Multiracial,1,92,0.007159854672820337,0.0,2543988.6937301927
extended_logistic,hba1c_pos,Other/Multiracial,2,73,0.020508403380860237,0.0094212685684665,2563795.348304144
extended_logistic,hba1c_pos,Other/Multiracial,3,50,0.05144595658828383,0.015441774547245818,2568879.406434542
extended_logistic,hba1c_pos,Other/Multiracial,4,37,0.09113024566229055,0.09404142193152931,2549935.365010614
extended_logistic,hba1c_pos,Other/Multiracial,5,89,0.21970491417755703,0.36065254316322637,2527583.4748896733
extended_logistic,hba1c_pos,All groups,1,624,0.004813320855154475,0.006166996011829464,25349219.69619529
extended_logistic,hba1c_pos,All groups,2,628,0.009179045286931526,0.005451790820002552,25360315.56639963
extended_logistic,hba1c_pos,All groups,3,561,0.015623660821770973,0.005653041849699339,25377328.09917483
extended_logistic,hba1c_pos,All groups,4,476,0.024702104886866312,0.020982785497720015,25295091.90603914
extended_logistic,hba1c_pos,All groups,5,516,0.038368969775950855,0.0254529549461079,25356980.392960355
extended_logistic,hba1c_pos,All groups,6,551,0.05843888457776503,0.06171660459968837,25388348.925326556
extended_logistic,hba1c_pos,All groups,7,531,0.08647577451246884,0.09825382713465869,25418960.43800001
extended_logistic,hba1c_pos,All groups,8,577,0.1219493249603192,0.13657242236601597,25367867.154470593
extended_logistic,hba1c_pos,All groups,9,680,0.18318716154030498,0.22672138547423554,25275963.41372594
extended_logistic,hba1c_pos,All groups,10,729,0.3432931481682667,0.2998454700488056,25367729.00632136
extended_boosting,diagnosed,Non-Hispanic White,1,395,0.00656169051915372,0.01794724437212395,31125079.80138705
extended_boosting,diagnosed,Non-Hispanic White,2,390,0.01859317497911691,0.011590869538684526,31152661.548461773
extended_boosting,diagnosed,Non-Hispanic White,3,356,0.062452735561884076,0.06794108611429017,31060429.49148203
extended_boosting,diagnosed,Non-Hispanic White,4,387,0.15300818080169323,0.12108990125203775,31136490.022392496
extended_boosting,diagnosed,Non-Hispanic White,5,494,0.3565673820645314,0.334730087835239,31124965.643135577
extended_boosting,diagnosed,Non-Hispanic Black,1,223,0.005934055483817214,0.01106797845077769,5599517.393860428
extended_boosting,diagnosed,Non-Hispanic Black,2,209,0.013852451014179628,0.006508599378202191,5597135.795178463
extended_boosting,diagnosed,Non-Hispanic Black,3,242,0.04123352940800341,0.038149488163993744,5602342.695992274
extended_boosting,diagnosed,Non-Hispanic Black,4,307,0.13711366568360275,0.1507882654035539,5595976.433262268
extended_boosting,diagnosed,Non-Hispanic Black,5,331,0.343145425839582,0.32085194837868697,5597905.237003195
extended_boosting,diagnosed,Mexican American,1,141,0.006052563734644563,0.008785399215597383,5013114.832393669
extended_boosting,diagnosed,Mexican American,2,147,0.013775712681428956,0.02077934573237106,4995757.994342382
extended_boosting,diagnosed,Mexican American,3,156,0.026786598069069828,0.024180230490491342,5024078.424443701
extended_boosting,diagnosed,Mexican American,4,175,0.08574367766183612,0.1380296629511337,5000132.229744915
extended_boosting,diagnosed,Mexican American,5,237,0.28105500392837723,0.29963773409535577,4998617.135027105
extended_boosting,diagnosed,Other Hispanic,1,86,0.005806527797106757,0.0,3576218.9940903303
extended_boosting,diagnosed,Other Hispanic,2,86,0.011597730373408633,0.004974078254400048,3703236.853869841
extended_boosting,diagnosed,Other Hispanic,3,90,0.027881750765730354,0.023988476530397478,3583748.0401267763
extended_boosting,diagnosed,Other Hispanic,4,115,0.08479195315986428,0.07724491461105933,3631357.6132162097
extended_boosting,diagnosed,Other Hispanic,5,169,0.26716537074785107,0.2808044138438834,3628564.1687395563
extended_boosting,diagnosed,Non-Hispanic Asian,1,142,0.005493804266085523,0.010818028681330505,2803375.554204081
extended_boosting,diagnosed,Non-Hispanic Asian,2,143,0.011584889460853464,0.01893117035583374,2812490.660905975
extended_boosting,diagnosed,Non-Hispanic Asian,3,159,0.02627044130797117,0.039150781583961416,2807547.053540901
extended_boosting,diagnosed,Non-Hispanic Asian,4,169,0.07075564547522209,0.13932604162667117,2829535.362591552
extended_boosting,diagnosed,Non-Hispanic Asian,5,183,0.22697029258535442,0.37565889567016614,2803343.3308519926
extended_boosting,diagnosed,Other/Multiracial,1,75,0.0066714338428511,0.009414176185359764,2565726.8416668577
extended_boosting,diagnosed,Other/Multiracial,2,89,0.017076219415532154,0.010775715284196803,2516784.421405194
extended_boosting,diagnosed,Other/Multiracial,3,50,0.045674077323673505,0.01994044258338893,2650929.0279784254
extended_boosting,diagnosed,Other/Multiracial,4,45,0.11541908079164505,0.07244421856599563,2446052.7989578354
extended_boosting,diagnosed,Other/Multiracial,5,82,0.2933608039586289,0.5093054685845214,2574689.1983608548
extended_boosting,diagnosed,All groups,1,571,0.004629354304928746,0.00244364845999362,25361805.867184296
extended_boosting,diagnosed,All groups,2,545,0.007860035727223902,0.021297463419426982,25354579.926719896
extended_boosting,diagnosed,All groups,3,595,0.012752749162078747,0.012206167298651274,25354509.1029729
extended_boosting,diagnosed,All groups,4,567,0.01924252553644062,0.01988904367434157,25362086.97131926
extended_boosting,diagnosed,All groups,5,545,0.032787595330383015,0.015355531538352785,25357502.213927086
extended_boosting,diagnosed,All groups,6,561,0.062165997827331065,0.06407996334341597,25338169.49261281
extended_boosting,diagnosed,All groups,7,509,0.10634504205246326,0.14080432190227535,25382143.784076057
extended_boosting,diagnosed,All groups,8,606,0.16037909668473074,0.14268677468664687,25376511.468948297
extended_boosting,diagnosed,All groups,9,668,0.2462841173475369,0.27197745051693106,25306790.790857095
extended_boosting,diagnosed,All groups,10,706,0.4244024258370664,0.3847516921149592,25363704.97999601
extended_boosting,hba1c_pos,Non-Hispanic White,1,411,0.005192907245242567,0.005785951025065405,31080371.634058297
extended_boosting,hba1c_pos,Non-Hispanic White,2,348,0.01621234382789307,0.019011459528927063,31143010.077073246
extended_boosting,hba1c_pos,Non-Hispanic White,3,395,0.054944480489023055,0.02881632321777376,31134196.90583711
extended_boosting,hba1c_pos,Non-Hispanic White,4,419,0.13064319272482172,0.12025027512435352,31104246.491499536
extended_boosting,hba1c_pos,Non-Hispanic White,5,449,0.28429967992398886,0.23702939249844085,31137801.39839073
extended_boosting,hba1c_pos,Non-Hispanic Black,1,237,0.004788948844192716,0.016958959112916595,5601776.9589191135
extended_boosting,hba1c_pos,Non-Hispanic Black,2,200,0.012328134160489584,0.03542232306241422,5617390.032019708
extended_boosting,hba1c_pos,Non-Hispanic Black,3,250,0.037286466318215424,0.03709279755107602,5576017.24954008
extended_boosting,hba1c_pos,Non-Hispanic Black,4,294,0.122833763645829,0.163254720718567,5613966.716320924
extended_boosting,hba1c_pos,Non-Hispanic Black,5,331,0.2801879022195077,0.3220275921384176,5583726.5984968
extended_boosting,hba1c_pos,Mexican American,1,160,0.004996950031381297,0.0,5028447.218482023
extended_boosting,hba1c_pos,Mexican American,2,141,0.011538685507128941,0.015452155351443245,4958513.836779466
extended_boosting,hba1c_pos,Mexican American,3,150,0.029048134996273803,0.04456255521062418,5061324.641144417
extended_boosting,hba1c_pos,Mexican American,4,163,0.07265528810694115,0.10880014199092153,4975478.459487444
extended_boosting,hba1c_pos,Mexican American,5,242,0.2274840941291154,0.26676671209098973,5007936.460058422
extended_boosting,hba1c_pos,Other Hispanic,1,91,0.004478540045685644,0.0,3589345.1379932472
extended_boosting,hba1c_pos,Other Hispanic,2,80,0.010371802054531063,0.0,3633908.9221516056
extended_boosting,hba1c_pos,Other Hispanic,3,93,0.025924460872110686,0.03318232426823406,3627012.1232282296
extended_boosting,hba1c_pos,Other Hispanic,4,111,0.07512746748502168,0.09337076104984471,3648975.92972719
extended_boosting,hba1c_pos,Other Hispanic,5,171,0.22517828436773224,0.2758364937984809,3623883.55694244
extended_boosting,hba1c_pos,Non-Hispanic Asian,1,158,0.004380770303773258,0.008352209217023036,2807140.9940393
extended_boosting,hba1c_pos,Non-Hispanic Asian,2,134,0.009840038314394846,0.011643961351519195,2809752.2667332767
extended_boosting,hba1c_pos,Non-Hispanic Asian,3,156,0.02387370988564811,0.03636757472236029,2816404.2473401725
extended_boosting,hba1c_pos,Non-Hispanic Asian,4,163,0.05813644385080925,0.1301151271478637,2807430.843874384
extended_boosting,hba1c_pos,Non-Hispanic Asian,5,185,0.18084110447227003,0.3891221367524306,2815563.610107369
extended_boosting,hba1c_pos,Other/Multiracial,1,90,0.00560819139948183,0.0,2511158.121968272
extended_boosting,hba1c_pos,Other/Multiracial,2,73,0.017535637097890768,0.0,2585359.4228791185
extended_boosting,hba1c_pos,Other/Multiracial,3,52,0.041291448957917906,0.030875390691151375,2533633.8745580176
extended_boosting,hba1c_pos,Other/Multiracial,4,51,0.0956888130379801,0.08647222523425896,2575497.487844813
extended_boosting,hba1c_pos,Other/Multiracial,5,75,0.22691088972219287,0.3587417332527418,2548533.3811189462
extended_boosting,hba1c_pos,All groups,1,628,0.003658950051833287,0.010443323781622075,25399066.46542701
extended_boosting,hba1c_pos,All groups,2,556,0.006395683830170789,0.0013028837305489591,25347594.55632364
extended_boosting,hba1c_pos,All groups,3,523,0.010514448786739338,0.017998916411323975,25390364.711607862
extended_boosting,hba1c_pos,All groups,4,547,0.01764065386573584,0.022082211985033857,25275464.081947096
extended_boosting,hba1c_pos,All groups,5,596,0.030964943554936928,0.01938833947106252,25366846.356441252
extended_boosting,hba1c_pos,All groups,6,572,0.05501877537130796,0.06711078941279032,25331555.061388995
extended_boosting,hba1c_pos,All groups,7,502,0.08975953566795344,0.07507122465121122,25455467.440711275
extended_boosting,hba1c_pos,All groups,8,606,0.1381180289411934,0.133617395006905,25234344.42126798
extended_boosting,hba1c_pos,All groups,9,663,0.2133170231393002,0.30009473561211863,25372216.767644264
extended_boosting,hba1c_pos,All groups,10,680,0.32530455418191034,0.23943849563604147,25384884.735854335
