model,label,group,respondents,positives,negatives,effective_n_positives,effective_n_negatives,small_n_warning,sensitivity,sensitivity_ci_low,sensitivity_ci_high,specificity,specificity_ci_low,specificity_ci_high,ppv,ppv_ci_low,ppv_ci_high,npv,npv_ci_low,npv_ci_high
demographic_logistic,diagnosed,Non-Hispanic White,2022,203,1819,104.60038045158237,1056.792308849588,False,0.8718814138542286,0.7966566703720028,0.9655795848404409,0.531384648920846,0.4931320467118786,0.5693845569384066,0.14285303909528707,0.11478188835751302,0.1703306707719606,0.9788831872615505,0.9653053773340092,0.9946087726087606
demographic_logistic,diagnosed,Non-Hispanic Black,1312,181,1131,140.92246384845114,874.0634309844907,False,0.761354234886697,0.665706657087299,0.8659023722599193,0.658921975893583,0.638847608728777,0.6793568109659971,0.22462106848364308,0.17930140788428459,0.26351440565173456,0.9551662840148187,0.9374912519609231,0.9756381970231248
demographic_logistic,diagnosed,Mexican American,856,112,744,70.72659750652981,553.9303314309071,False,0.6617629611868069,0.5316978387006814,0.8033725001275774,0.7567724000106426,0.6918174997279544,0.814143232379619,0.20607633484270718,0.1524983972697554,0.2720067221218141,0.95912721143853,0.9398918363039949,0.9784795086549186
demographic_logistic,diagnosed,Other Hispanic,546,74,472,53.36908782768276,344.264801469415,False,0.8449487007569758,0.7364611007392341,1.0,0.6737883119484345,0.6339519447454579,0.7143061052615564,0.1850385001691312,0.13897119795249335,0.23852072956190717,0.9802414007881068,0.961444207537988,1.0
demographic_logistic,diagnosed,Non-Hispanic Asian,796,102,694,88.86867277325152,571.4651977961244,False,0.8789397835792861,0.7968878835035613,0.9593686617087024,0.6731666410322557,0.6190582534929133,0.7336792885101298,0.25936187483503714,0.21017322430320104,0.33686860089870085,0.9771438433121256,0.9626021440203487,0.9925050319681534
demographic_logistic,diagnosed,Other/Multiracial,341,39,302,16.26993925564318,113.24759054762565,True,0.8777868668326481,0.7517358116932619,0.9409666806093018,0.6559137255950619,0.5856508636329881,0.7554703703530434,0.21184558727446817,0.12372643410552314,0.31368488960651136,0.9807849962318341,0.9708233109729223,0.989729199173495
demographic_logistic,diagnosed,All groups,5873,711,5162,271.01850179008557,2301.928055442479,False,0.834779039767245,0.7796625377853406,0.8923652991683934,0.591467130860994,0.5688702360221275,0.6167237550781952,0.1658383384423555,0.14732116887187083,0.18413843145776693,0.9735633926131525,0.965446221488789,0.9826392146353384
demographic_logistic,hba1c_pos,Non-Hispanic White,2022,203,1819,104.60038045158237,1056.792308849588,False,0.8891123692631911,0.8227190156880956,0.9662267178958289,0.5219339957906188,0.48650511205691876,0.5607361254494285,0.14278104657897778,0.11547713907598807,0.1702740249657265,0.9813302297181348,0.9698438060037985,0.995071238557454
demographic_logistic,hba1c_pos,Non-Hispanic Black,1312,181,1131,140.92246384845114,874.0634309844907,False,0.7819240181638263,0.6826126773727317,0.88456201894764,0.651691838561365,0.6312447874230743,0.6737017013747989,0.2256100920435863,0.18553058388615973,0.2612244942105643,0.9583814550336254,0.9379999763730915,0.9793641496493247
demographic_logistic,hba1c_pos,Mexican American,856,112,744,70.72659750652981,553.9303314309071,False,0.6720888218732031,0.5480409812437825,0.8096655427594819,0.7580088873581408,0.699673302412091,0.8070545326923315,0.20942174667226343,0.15408507496367502,0.2742048465611167,0.9603770342212032,0.9401186504189384,0.9790888258222755
demographic_logistic,hba1c_pos,Other Hispanic,546,74,472,53.36908782768276,344.264801469415,False,0.8647953737659104,0.7685919148756937,1.0,0.6770495463599076,0.6282577857627023,0.7175500627762281,0.19016477504739548,0.14318652380369232,0.2435291853894874,0.9827919068546942,0.9655990294607443,1.0
demographic_logistic,hba1c_pos,Non-Hispanic Asian,796,102,694,88.86867277325152,571.4651977961244,False,0.8971375071301775,0.8143638280607334,0.9874082154042434,0.6644311250133661,0.6130831848690327,0.7150494517295569,0.2582338576150216,0.2104641373436708,0.329243992479825,0.9802418083813956,0.9655192780615427,0.9975537131601075
demographic_logistic,hba1c_pos,Other/Multiracial,341,39,302,16.26993925564318,113.24759054762565,True,0.8878099041226827,0.7632642608903469,0.954736274901757,0.6483559560948203,0.5731863385242855,0.7455458181346228,0.21003733147248224,0.12627203119920055,0.304976575215792,0.9821053414107608,0.9717512684952094,0.9918375251290168
demographic_logistic,hba1c_pos,All groups,5873,711,5162,271.01850179008557,2301.928055442479,False,0.8516680818709045,0.8017055472646343,0.9022472913455963,0.5843611065770723,0.5611792480594382,0.6094586680214682,0.16620913043352742,0.1480453230672818,0.18325446327983672,0.975901536559026,0.9688744247503416,0.9837511607192249
demographic_race_logistic,diagnosed,Non-Hispanic White,2022,203,1819,104.60038045158237,1056.792308849588,False,0.7823675066887834,0.6705328939116675,0.9170670965194001,0.5841067770274971,0.5375395707717182,0.6279768327676762,0.1443094859827326,0.11886589848858807,0.1708087459463304,0.9677926320658958,0.9498551517585323,0.9877116692995435
demographic_race_logistic,diagnosed,Non-Hispanic Black,1312,181,1131,140.92246384845114,874.0634309844907,False,0.756499308358262,0.660756737326669,0.8716226702144482,0.654112083149104,0.6284769554658365,0.6771800452122171,0.2210575507841122,0.1836568038954171,0.2534377622291378,0.9543474255137177,0.9331661587279925,0.977851395525142
demographic_race_logistic,diagnosed,Mexican American,856,112,744,70.72659750652981,553.9303314309071,False,0.7389060659246993,0.6115139755516714,0.8687605098562833,0.6926062775583113,0.6209734392142937,0.7552165097164117,0.1867624689700739,0.14374519895437796,0.2391800160963191,0.9653083590198668,0.9428230699767669,0.9843584252712372
demographic_race_logistic,diagnosed,Other Hispanic,546,74,472,53.36908782768276,344.264801469415,False,0.7985500759295637,0.6631813267911538,0.9837590708701107,0.7356673507542897,0.695341745679762,0.7748192823649604,0.21060544556805927,0.16721731796158265,0.26107838223114677,0.9766557964368594,0.954457711602549,0.9983795609034714
demographic_race_logistic,diagnosed,Non-Hispanic Asian,796,102,694,88.86867277325152,571.4651977961244,False,0.9046019860740637,0.8409828644545314,0.984042181891015,0.6391893099389563,0.5832446678634156,0.6953744750345614,0.24658433740458063,0.20215248279038625,0.313274644802003,0.9812044295332747,0.9680933833482203,0.9966934078948433
demographic_race_logistic,diagnosed,Other/Multiracial,341,39,302,16.26993925564318,113.24759054762565,True,0.9056860228654651,0.7722443415027135,0.9644140662266097,0.5648042997375976,0.5003312568699105,0.6524435864902112,0.17986011251070658,0.11364978092320399,0.2518318630812248,0.9827780907663561,0.9717683557836397,0.9928111986694617
demographic_race_logistic,diagnosed,All groups,5873,711,5162,271.01850179008557,2301.928055442479,False,0.7909773368434897,0.7196852097433444,0.8696431071269303,0.6152725091564626,0.5861789144494243,0.6443141725264034,0.16681541115672865,0.1517672601636064,0.18262345692142315,0.9681239542396805,0.9579438969005515,0.9800839987942401
demographic_race_logistic,hba1c_pos,Non-Hispanic White,2022,203,1819,104.60038045158237,1056.792308849588,False,0.7392582098365221,0.6442483005899918,0.8666769905466374,0.6034144315000642,0.5636947305298221,0.6427672737078505,0.143101794648744,0.12217777102784902,0.163569388938094,0.9628053190686761,0.9462289344453019,0.982729088861663
demographic_race_logistic,hba1c_pos,Non-Hispanic Black,1312,181,1131,140.92246384845114,874.0634309844907,False,0.870959799377889,0.7847391966235996,0.9531135658761403,0.5543584662469069,0.5335682914433216,0.5752709515416777,0.20243327627384566,0.16456840422596947,0.2328057516014352,0.970788632407657,0.9512534795966091,0.989998195014603
demographic_race_logistic,hba1c_pos,Mexican American,856,112,744,70.72659750652981,553.9303314309071,False,0.7763461460889671,0.632741726500167,0.9033207678089747,0.6400809668172245,0.5617180350567608,0.7063292514594346,0.17071621235974294,0.1295304294588751,0.21690137587016334,0.9677844964545368,0.9420398762672124,0.9874340851961496
demographic_race_logistic,hba1c_pos,Other Hispanic,546,74,472,53.36908782768276,344.264801469415,False,0.8673301381708045,0.7632162132589082,1.0,0.6482996834730811,0.6006047316628517,0.6992928498783253,0.17787768126080525,0.13180632463749964,0.2333155645364237,0.9823496942757004,0.9644885163854979,1.0
demographic_race_logistic,hba1c_pos,Non-Hispanic Asian,796,102,694,88.86867277325152,571.4651977961244,False,0.9586109929080877,0.9161266659807644,1.0,0.5485424691134312,0.4931739070790301,0.5994731594428092,0.21677390802256408,0.18159925657139653,0.2661276428534826,0.9902931652867745,0.9796811896243348,1.0
demographic_race_logistic,hba1c_pos,Other/Multiracial,341,39,302,16.26993925564318,113.24759054762565,True,0.8782275897805573,0.7589127406155485,0.9331320276791815,0.5960956981548436,0.5216265383821341,0.6967134206144642,0.1864833928883046,0.11157387321688637,0.27368664481183963,0.9790104662503776,0.9703079177419986,0.9864865234592645
demographic_race_logistic,hba1c_pos,All groups,5873,711,5162,271.01850179008557,2301.928055442479,False,0.7933276818889362,0.7309492022548818,0.8693442331213468,0.6016983292139892,0.5767901690677175,0.6286397417441181,0.16237410380387624,0.15085825188538468,0.1739020396573655,0.9677057946627828,0.9567574362427714,0.9807508154979725
extended_logistic,diagnosed,Non-Hispanic White,2022,203,1819,104.60038045158237,1056.792308849588,False,0.8612584271893375,0.7907149786211701,0.9582874912039634,0.6247874508072426,0.5954568448650559,0.6548698628440306,0.17055429491071644,0.14468401922676105,0.19676512339805546,0.9804988628671587,0.9676843011751286,0.9949141477254273
extended_logistic,diagnosed,Non-Hispanic Black,1312,181,1131,140.92246384845114,874.0634309844907,False,0.8306555031174042,0.7310441358803211,0.909348569465097,0.701556001540319,0.6665015097579253,0.7367531195879813,0.2653554155432712,0.20684719597010012,0.3202789683621074,0.969629695939517,0.9534528007166636,0.9842015232384717
extended_logistic,diagnosed,Mexican American,856,112,744,70.72659750652981,553.9303314309071,False,0.6885811619697328,0.5759025368422513,0.8054452727206898,0.7733568791027648,0.7142930762283177,0.8184514389107289,0.2246385529383394,0.1700667244355911,0.2821686165644302,0.9630232674074335,0.947076887901437,0.9783518388661138
extended_logistic,diagnosed,Other Hispanic,546,74,472,53.36908782768276,344.264801469415,False,0.764672966330598,0.605796836818792,0.8987422595800293,0.7731902781019484,0.7177460918002776,0.8198145198342416,0.22843247846211723,0.1648534536108831,0.2915879243716229,0.9740075134606663,0.955653109108049,0.989216047021098
extended_logistic,diagnosed,Non-Hispanic Asian,796,102,694,88.86867277325152,571.4651977961244,False,0.698094169071737,0.6231200305554985,0.7916318088991982,0.8136970254526583,0.7781004880886008,0.8476367263263823,0.3279391245694353,0.26232527373340064,0.41935487590513393,0.953917848623661,0.9399311994703937,0.9711186711531324
extended_logistic,diagnosed,Other/Multiracial,341,39,302,16.26993925564318,113.24759054762565,True,0.9192958070739234,0.8169808734008649,0.9899675035128263,0.6923145441959054,0.614274006403097,0.8028212457657111,0.2393507309873688,0.14810561276359338,0.3636209585538656,0.9878735406109895,0.9770548890041961,0.9986102797606057
extended_logistic,diagnosed,All groups,5873,711,5162,271.01850179008557,2301.928055442479,False,0.8252473522416739,0.7827047030009874,0.8788537423629237,0.6719519409232029,0.6524082952698578,0.6942581947343469,0.19663880813355086,0.1814457142058968,0.21127742277627098,0.9753251767537738,0.967454145309872,0.9843996537377884
extended_logistic,hba1c_pos,Non-Hispanic White,2022,203,1819,104.60038045158237,1056.792308849588,False,0.8631540776034614,0.7994658328904926,0.966733151026462,0.6098129065587286,0.5772670933396375,0.6420953683697893,0.1656319205389431,0.1412275596863584,0.19173973369003103,0.9803608063500417,0.9676735626273395,0.9962053824911261
extended_logistic,hba1c_pos,Non-Hispanic Black,1312,181,1131,140.92246384845114,874.0634309844907,False,0.831848719949431,0.7371105210519818,0.9078664313109286,0.6748442059786279,0.6441783569262921,0.7042568530288796,0.2497741424717163,0.198028734434649,0.2973904629492376,0.9687174082859634,0.9535602580506415,0.9834034936290148
extended_logistic,hba1c_pos,Mexican American,856,112,744,70.72659750652981,553.9303314309071,False,0.6919614799475017,0.6105304272043699,0.8024237315476737,0.7401597580558305,0.6841181737075708,0.7856151060932115,0.20243830062261617,0.1495270732079239,0.2566531959219941,0.961935991034947,0.9483048290163881,0.9778907003292759
extended_logistic,hba1c_pos,Other Hispanic,546,74,472,53.36908782768276,344.264801469415,False,0.8177832311829907,0.7062756942700642,0.9297464734855838,0.7573124594721522,0.7139354060378847,0.8009622105224491,0.22912647216899548,0.172010324526168,0.28860048317191633,0.9793678393182967,0.9611081298543096,0.9935974935950797
extended_logistic,hba1c_pos,Non-Hispanic Asian,796,102,694,88.86867277325152,571.4651977961244,False,0.6861162507066888,0.5914193754785433,0.7727125551626199,0.8110377703121765,0.7821479857659114,0.8413792065336282,0.3212180830715456,0.25238252131306393,0.4021434094431967,0.9520735922569925,0.9382799846169769,0.966858240990551
extended_logistic,hba1c_pos,Other/Multiracial,341,39,302,16.26993925564318,113.24759054762565,True,0.9069384663382607,0.8000926286840288,0.9696388686961838,0.7144460481909201,0.6627605204475797,0.7849921959844635,0.25121491195000983,0.1531474526548491,0.364215465273603,0.9864878470923873,0.9776327680620049,0.9959204874836469
extended_logistic,hba1c_pos,All groups,5873,711,5162,271.01850179008557,2301.928055442479,False,0.8287442408107522,0.7875308601020138,0.879998841478458,0.6563673514126072,0.6326468545165104,0.6811716465430715,0.19033772570021182,0.17506866850646957,0.20520771627663908,0.9753036556182936,0.9679722737432619,0.9837988488004084
extended_boosting,diagnosed,Non-Hispanic White,2022,203,1819,104.60038045158237,1056.792308849588,False,0.8715472742477177,0.8011533015705603,0.965502410574462,0.6146161805359609,0.5872949271479803,0.6419038531689445,0.1684927984439096,0.13691134871045896,0.1991737968439274,0.9816207110052785,0.9694199125285923,0.9958518994281189
extended_boosting,diagnosed,Non-Hispanic Black,1312,181,1131,140.92246384845114,874.0634309844907,False,0.8173901480846435,0.7216556828957685,0.9056976086880623,0.6970539230743716,0.6753759379440087,0.7208921685725633,0.2595290646730263,0.209706411612089,0.30455940600982095,0.9671318870912723,0.9518098629194723,0.9834693036053113
extended_boosting,diagnosed,Mexican American,856,112,744,70.72659750652981,553.9303314309071,False,0.705258918746241,0.6247226958241641,0.8063774670344146,0.7707579950592779,0.7182088899217272,0.8141009387823591,0.22720735201811387,0.17617660432501864,0.2866576829273131,0.9648217821993011,0.9510661029132607,0.9794585694266889
extended_boosting,diagnosed,Other Hispanic,546,74,472,53.36908782768276,344.264801469415,False,0.8328789990021985,0.6862340560587982,0.9833694810528463,0.7730619397066679,0.7195404971831451,0.8206882718364998,0.24365241759125741,0.18219699770695905,0.3100317376327851,0.9814049035206682,0.9635394964159321,0.9981484831450493
extended_boosting,diagnosed,Non-Hispanic Asian,796,102,694,88.86867277325152,571.4651977961244,False,0.6854030904817513,0.5910208089219,0.7919613049677464,0.8141151232450227,0.7855206144250626,0.8420852610445165,0.3247450982042059,0.25916173805661585,0.3953213917586445,0.9521375753113522,0.9334957373031062,0.9709307060804828
extended_boosting,diagnosed,Other/Multiracial,341,39,302,16.26993925564318,113.24759054762565,True,0.9133477225295895,0.8061522107588838,0.9675337610149142,0.7266151852690433,0.6381396897799254,0.8429804527762824,0.2612567989784015,0.16475008872354424,0.4139778525872589,0.987585788672097,0.9791075537615337,0.9948965260913955
extended_boosting,diagnosed,All groups,5873,711,5162,271.01850179008557,2301.928055442479,False,0.8340165526444195,0.7870009670095235,0.8832060175824757,0.666652248607307,0.6489337643500863,0.687495849784834,0.19585957380129945,0.17728088367401262,0.21379935634494562,0.976349951319863,0.9694011874914065,0.9843832658313021
extended_boosting,hba1c_pos,Non-Hispanic White,2022,203,1819,104.60038045158237,1056.792308849588,False,0.8686954733235014,0.8108013980395168,0.9491879032826778,0.6458870741974456,0.6201121351725402,0.6702605941044135,0.18032252817471414,0.1484591233743862,0.21068850215638135,0.9821109605699545,0.972676117608876,0.9935024199958185
extended_boosting,hba1c_pos,Non-Hispanic Black,1312,181,1131,140.92246384845114,874.0634309844907,False,0.8260302375493132,0.7454969675945561,0.906346396299249,0.7035304155532274,0.671371201097937,0.7362353112537854,0.2658958506409653,0.21177048904748888,0.31615534098714015,0.9689457792926396,0.9556540167379484,0.9831993596392518
extended_boosting,hba1c_pos,Mexican American,856,112,744,70.72659750652981,553.9303314309071,False,0.6513838904638287,0.5590623842234397,0.7651625035747673,0.7752241150821709,0.7177834654065743,0.8249894018317634,0.21673893029692154,0.16285658609124634,0.2870830985343128,0.9588871032557323,0.9452686887482445,0.9751431012359334
extended_boosting,hba1c_pos,Other Hispanic,546,74,472,53.36908782768276,344.264801469415,False,0.7799775873320186,0.6395781669791744,0.8888651647490982,0.7686186750611782,0.7262353336161701,0.8101272806338666,0.22849341964523973,0.1666320364171616,0.29047236964077117,0.9755303002713207,0.9603984089513454,0.9887189551849396
extended_boosting,hba1c_pos,Non-Hispanic Asian,796,102,694,88.86867277325152,571.4651977961244,False,0.6829073591839016,0.6072703201320689,0.7808780563997519,0.8319941561565342,0.8099901284691708,0.8571773960534068,0.3469214994584337,0.28801908713591984,0.4186003117264432,0.9528183584857285,0.9364921776922314,0.9698027875858075
extended_boosting,hba1c_pos,Other/Multiracial,341,39,302,16.26993925564318,113.24759054762565,True,0.9009547674237712,0.7809982020030345,0.9636719205852818,0.7494577689682458,0.6852626084166237,0.839911534385837,0.2752803476424882,0.16630390479549,0.41838887154559057,0.9862997138420726,0.9775866654498495,0.9943138186956401
extended_boosting,hba1c_pos,All groups,5873,711,5162,271.01850179008557,2301.928055442479,False,0.824119680521882,0.7899328052928747,0.8626775539460245,0.6888968102013272,0.6719735056471576,0.7076247579740838,0.20510742787189457,0.18577358308447012,0.22315787432273954,0.9757742632216087,0.9705120249244518,0.9820966588268147
